тиски;https://cdn1.ozone.ru/s3/multimedia-j/6252536023.jpg
тиски;https://kpd-shop.ru/upload/iblock/906/90679787cd0cb53d740c42ba5c0b8e55.jpg
тиски;https://images-na.ssl-images-amazon.com/images/I/814BlB4fNDL._AC_SL1500_.jpg
тиски;https://instrum96.ru/upload/iblock/26e/26e8b0c6e35e2d8fceba08d1fd0c4287.jpg
тиски;https://shuriki.ru/upload/iblock/af2/af2f68e85bf5d024b7e871eacf761f95.jpg
тиски;https://st18.stpulscen.ru/images/product/331/271/559_big.jpg
тиски;https://novyyurengoy.specins.ru/upload/iblock/be9/3t5h3h07o6nymj230y3sxwcyfqv9y3u1/bd8e95a5_92a0_11e6_8128_000c295615de_a11150f0_bb37_11e8_81ca_00155d000409.jpg
тиски;https://cdn1.ozone.ru/s3/multimedia-s/6019859392.jpg
тиски;https://kuzmich24.ru/images/cms/data/Article/stanok_dlya_doma/7.jpg
тиски;https://zdesinstrument.ru/wp-content/uploads/2017/11/tiski-27-768x768.jpg
тиски;https://res.cloudinary.com/lmru/image/upload/f_auto,q_90,w_1200,h_1200,c_pad,b_white,d_photoiscoming.png/LMCode/17849481.jpg
тиски;https://bilder.werkzeughero.de/item/images/25931/full/pre102071.jpg
тиски;https://ae04.alicdn.com/kf/HTB1WVxyMFXXXXXlaXXXq6xXFXXX9/-.jpg
тиски;https://static.onlinetrade.ru/img/users_images/134897/b/tiski_povorotnye_nastolnye_stayer_3247_50_1517082376_1.jpg
тиски;https://images-na.ssl-images-amazon.com/images/I/61an9RaNl3L._AC_SL1200_.jpg
тиски;https://cache3.youla.io/files/images/orig/5c/f6/5cf69cd7c3bdd2687e3ee478.jpg
тиски;https://i.pinimg.com/originals/e0/ef/c4/e0efc4c2f7ab9f56c3dc1625fdf175f6.jpg
тиски;https://ufa.sterbrust.com/upload/iblock/319/319a7263df37619da9e58abdcbe32088.jpg
тиски;https://nn.rustan.ru/cr/img/700x400/sites/default/files/file_attach/tiski_stan_7201_0009_02-1.jpg
тиски;https://a.d-cd.net/4kAAAgEZ2eA-1920.jpg
тиски;https://instrumentgid.ru/wp-content/uploads/2018/05/Slesarnyie-tiski-37.jpg
тиски;https://i.ytimg.com/vi/fpn4N9OEoXw/maxresdefault.jpg
тиски;https://miminonino.ru/wp-content/uploads/tiski-svoimi-rukami-8.jpg
тиски;https://jet-center.ru/image/cache/catalog/product-image/hand-tools/vises/11693eu/krestovyetiski-wilton-11693eu-jet-center.ru-4-600x315.jpg
тиски;https://technoreal.ru/images/products/f__50-2.jpg
осциллограф;https://olnisa.ru/images2/465b-1.jpg
осциллограф;https://img-new.cgtrader.com/items/1967289/c4c674b69d/oscilloscope-3d-model-low-poly-obj-mtl-fbx-blend.jpg
осциллограф;https://4vols.ru/wp-content/uploads/2022/07/2180.970.jpg
осциллограф;https://www.bbrc.ru/upload/iblock/c21/329f41f3_3285_11e8_80d8_0cc47a1243ef_6d2f22a9_328e_11e8_80d8_0cc47a1243ef.jpg
осциллограф;https://propribory.ru/resize?w=540&u=/static/upl/30-08-2018/1535661068369.jpg
осциллограф;https://cs9.pikabu.ru/post_img/2017/01/25/9/og_og_1485354022264143958.jpg
осциллограф;https://static.chipdip.ru/lib/294/DOC001294513.jpg
осциллограф;https://st5.stpulscen.ru/images/product/056/172/228_big.jpg
осциллограф;https://pribor-kom.ru/upload/iblock/c7e/c7e2e6a1d8d73cca3094c0845bb0a313.jpg
осциллограф;https://www.bbrc.ru/upload/iblock/b1c/5d46c136_3288_11e8_80d8_0cc47a1243ef_218dccd7_3294_11e8_80d8_0cc47a1243ef.jpg
осциллограф;https://pribori24.ru/wp-content/uploads/2016/07/mso2014-255x163.jpg
осциллограф;https://otron.ru/media/catalog/product/cache/aba489419c23d7455ac092d764cf3b58/a/d/ads1202cal.jpg
осциллограф;https://priborstandart.ru/upload/iblock/2c9/ostsillograf_s1_81.jpg
осциллограф;https://detaliussr.ru/wp-content/uploads/2021/09/s1-96.jpg
осциллограф;https://priborstandart.ru/upload/iblock/37d/37d5caac0db2f82d2b974f9d0467006b.jpg
осциллограф;https://st5.stpulscen.ru/images/product/056/172/204_big.jpg
осциллограф;https://xn--80adec2ampndbs9h.xn--p1ai/uploads/posts/2020-04/1586720902_d0a11-67.jpg
осциллограф;https://www.mir-technics.ru/storage/app/uploads/public/5d4/d4b/906/thumb_27061_900_900_0_0_auto.jpg
осциллограф;http://rw6ase.narod.ru/index1/pribor/oscilograf/c1_55.jpg
осциллограф;https://static.chipdip.ru/lib/456/DOC001456011.jpg
осциллограф;https://pimnara.ru/wp-content/uploads/2021/11/e943df4403eb11ecbafd18a90563bb72_c00adba7040f11ecbafd18a90563bb72.jpg
осциллограф;https://tester59.ru/image/cache/catalog/fotopriborov/s1127-600x600.jpg
осциллограф;https://www.unicontrol.ru/images/detailed/3/20013_32.jpg
осциллограф;https://www.tectron.ru/upload/iblock/5d4/5d4c854743e5a6851b65363eb711282d.jpg
осциллограф;https://pribor-kom.ru/upload/iblock/b2c/b2cd700de066de30ba40dd096dd97dfb.jpg
